"indicador","departamento","municipio","amplificador","numerador","denominador","anno","sexomn","sexomd","sexofn","sexofd","sexoin","sexoid","cabemun","centropoblado","Rural Disperso","Sin Informacion","Poblacion DANE cabemun","Poblacion DANE  Centros Poblados y Rural Disperso"
"Mortalidad por Accidentes de Tránsito General","Caldas","Manizales","100,000","54","388,490","2,010","0","0","0","0","0","0","0","0","0","0","0","0"
"Mortalidad por Accidentes de Tránsito General","Caldas","Aguadas","100,000","4","23,165","2,010","0","0","0","0","0","0","0","0","0","0","0","0"
"Mortalidad por Accidentes de Tránsito General","Caldas","Anserma","100,000","3","34,444","2,010","0","0","0","0","0","0","0","0","0","0","0","0"
"Mortalidad por Accidentes de Tránsito General","Caldas","Aranzazu","100,000","1","12,111","2,010","0","0","0","0","0","0","0","0","0","0","0","0"
"Mortalidad por Accidentes de Tránsito General","Caldas","Belalcazar","100,000","1","11,367","2,010","0","0","0","0","0","0","0","0","0","0","0","0"
"Mortalidad por Accidentes de Tránsito General","Caldas","Chinchina","100,000","9","52,488","2,010","0","0","0","0","0","0","0","0","0","0","0","0"
"Mortalidad por Accidentes de Tránsito General","Caldas","Filadelfia","100,000","0","11,872","2,010","0","0","0","0","0","0","0","0","0","0","0","0"
"Mortalidad por Accidentes de Tránsito General","Caldas","La Dorada","100,000","10","75,011","2,010","0","0","0","0","0","0","0","0","0","0","0","0"
"Mortalidad por Accidentes de Tránsito General","Caldas","La Merced","100,000","1","6,107","2,010","0","0","0","0","0","0","0","0","0","0","0","0"
"Mortalidad por Accidentes de Tránsito General","Caldas","Manzanares","100,000","2","24,167","2,010","0","0","0","0","0","0","0","0","0","0","0","0"
"Mortalidad por Accidentes de Tránsito General","Caldas","Marmato","100,000","2","8,782","2,010","0","0","0","0","0","0","0","0","0","0","0","0"
"Mortalidad por Accidentes de Tránsito General","Caldas","Marquetalia","100,000","1","14,921","2,010","0","0","0","0","0","0","0","0","0","0","0","0"
"Mortalidad por Accidentes de Tránsito General","Caldas","Marulanda","100,000","0","3,443","2,010","0","0","0","0","0","0","0","0","0","0","0","0"
"Mortalidad por Accidentes de Tránsito General","Caldas","Neira","100,000","5","29,359","2,010","0","0","0","0","0","0","0","0","0","0","0","0"
"Mortalidad por Accidentes de Tránsito General","Caldas","Norcasia","100,000","0","6,640","2,010","0","0","0","0","0","0","0","0","0","0","0","0"
"Mortalidad por Accidentes de Tránsito General","Caldas","Pacora","100,000","0","13,472","2,010","0","0","0","0","0","0","0","0","0","0","0","0"
"Mortalidad por Accidentes de Tránsito General","Caldas","Palestina","100,000","1","17,921","2,010","0","0","0","0","0","0","0","0","0","0","0","0"
"Mortalidad por Accidentes de Tránsito General","Caldas","Pensilvania","100,000","2","26,394","2,010","0","0","0","0","0","0","0","0","0","0","0","0"
"Mortalidad por Accidentes de Tránsito General","Caldas","Riosucio","100,000","4","57,935","2,010","0","0","0","0","0","0","0","0","0","0","0","0"
"Mortalidad por Accidentes de Tránsito General","Caldas","Risaralda","100,000","3","10,128","2,010","0","0","0","0","0","0","0","0","0","0","0","0"
"Mortalidad por Accidentes de Tránsito General","Caldas","Salamina","100,000","0","18,345","2,010","0","0","0","0","0","0","0","0","0","0","0","0"
"Mortalidad por Accidentes de Tránsito General","Caldas","Samana","100,000","1","25,727","2,010","0","0","0","0","0","0","0","0","0","0","0","0"
"Mortalidad por Accidentes de Tránsito General","Caldas","San Jose","100,000","1","7,585","2,010","0","0","0","0","0","0","0","0","0","0","0","0"
"Mortalidad por Accidentes de Tránsito General","Caldas","Supia","100,000","5","25,789","2,010","0","0","0","0","0","0","0","0","0","0","0","0"
"Mortalidad por Accidentes de Tránsito General","Caldas","Victoria","100,000","0","8,832","2,010","0","0","0","0","0","0","0","0","0","0","0","0"
"Mortalidad por Accidentes de Tránsito General","Caldas","Villamaria","100,000","4","51,120","2,010","0","0","0","0","0","0","0","0","0","0","0","0"
"Mortalidad por Accidentes de Tránsito General","Caldas","Viterbo","100,000","2","12,727","2,010","0","0","0","0","0","0","0","0","0","0","0","0"
"Mortalidad por Accidentes de Tránsito General","Caldas","Manizales","100,000","63","390,084","2,011","0","0","0","0","0","0","0","0","0","0","0","0"
"Mortalidad por Accidentes de Tránsito General","Caldas","Aguadas","100,000","1","22,944","2,011","0","0","0","0","0","0","0","0","0","0","0","0"
"Mortalidad por Accidentes de Tránsito General","Caldas","Anserma","100,000","1","34,310","2,011","0","0","0","0","0","0","0","0","0","0","0","0"
"Mortalidad por Accidentes de Tránsito General","Caldas","Aranzazu","100,000","3","11,971","2,011","0","0","0","0","0","0","0","0","0","0","0","0"
"Mortalidad por Accidentes de Tránsito General","Caldas","Belalcazar","100,000","2","11,264","2,011","0","0","0","0","0","0","0","0","0","0","0","0"
"Mortalidad por Accidentes de Tránsito General","Caldas","Chinchina","100,000","9","52,297","2,011","0","0","0","0","0","0","0","0","0","0","0","0"
"Mortalidad por Accidentes de Tránsito General","Caldas","Filadelfia","100,000","0","11,704","2,011","0","0","0","0","0","0","0","0","0","0","0","0"
"Mortalidad por Accidentes de Tránsito General","Caldas","La Dorada","100,000","11","75,412","2,011","0","0","0","0","0","0","0","0","0","0","0","0"
"Mortalidad por Accidentes de Tránsito General","Caldas","La Merced","100,000","0","5,976","2,011","0","0","0","0","0","0","0","0","0","0","0","0"
"Mortalidad por Accidentes de Tránsito General","Caldas","Manzanares","100,000","0","23,985","2,011","0","0","0","0","0","0","0","0","0","0","0","0"
"Mortalidad por Accidentes de Tránsito General","Caldas","Marmato","100,000","1","8,848","2,011","0","0","0","0","0","0","0","0","0","0","0","0"
"Mortalidad por Accidentes de Tránsito General","Caldas","Marquetalia","100,000","1","14,940","2,011","0","0","0","0","0","0","0","0","0","0","0","0"
"Mortalidad por Accidentes de Tránsito General","Caldas","Marulanda","100,000","0","3,439","2,011","0","0","0","0","0","0","0","0","0","0","0","0"
"Mortalidad por Accidentes de Tránsito General","Caldas","Neira","100,000","3","29,589","2,011","0","0","0","0","0","0","0","0","0","0","0","0"
"Mortalidad por Accidentes de Tránsito General","Caldas","Norcasia","100,000","0","6,589","2,011","0","0","0","0","0","0","0","0","0","0","0","0"
"Mortalidad por Accidentes de Tránsito General","Caldas","Pacora","100,000","2","13,156","2,011","0","0","0","0","0","0","0","0","0","0","0","0"
"Mortalidad por Accidentes de Tránsito General","Caldas","Palestina","100,000","1","17,890","2,011","0","0","0","0","0","0","0","0","0","0","0","0"
"Mortalidad por Accidentes de Tránsito General","Caldas","Pensilvania","100,000","1","26,384","2,011","0","0","0","0","0","0","0","0","0","0","0","0"
"Mortalidad por Accidentes de Tránsito General","Caldas","Riosucio","100,000","2","58,627","2,011","0","0","0","0","0","0","0","0","0","0","0","0"
"Mortalidad por Accidentes de Tránsito General","Caldas","Risaralda","100,000","0","10,027","2,011","0","0","0","0","0","0","0","0","0","0","0","0"
"Mortalidad por Accidentes de Tránsito General","Caldas","Salamina","100,000","2","17,993","2,011","0","0","0","0","0","0","0","0","0","0","0","0"
"Mortalidad por Accidentes de Tránsito General","Caldas","Samana","100,000","1","25,739","2,011","0","0","0","0","0","0","0","0","0","0","0","0"
"Mortalidad por Accidentes de Tránsito General","Caldas","San Jose","100,000","1","7,579","2,011","0","0","0","0","0","0","0","0","0","0","0","0"
"Mortalidad por Accidentes de Tránsito General","Caldas","Supia","100,000","6","25,984","2,011","0","0","0","0","0","0","0","0","0","0","0","0"
"Mortalidad por Accidentes de Tránsito General","Caldas","Victoria","100,000","0","8,755","2,011","0","0","0","0","0","0","0","0","0","0","0","0"
"Mortalidad por Accidentes de Tránsito General","Caldas","Villamaria","100,000","1","52,120","2,011","0","0","0","0","0","0","0","0","0","0","0","0"
"Mortalidad por Accidentes de Tránsito General","Caldas","Viterbo","100,000","2","12,661","2,011","0","0","0","0","0","0","0","0","0","0","0","0"
"Mortalidad por Accidentes de Tránsito General","Caldas","Manizales","100,000","37","391,640","2,012","0","0","0","0","0","0","0","0","0","0","0","0"
"Mortalidad por Accidentes de Tránsito General","Caldas","Aguadas","100,000","4","22,728","2,012","0","0","0","0","0","0","0","0","0","0","0","0"
"Mortalidad por Accidentes de Tránsito General","Caldas","Anserma","100,000","4","34,175","2,012","0","0","0","0","0","0","0","0","0","0","0","0"
"Mortalidad por Accidentes de Tránsito General","Caldas","Aranzazu","100,000","0","11,842","2,012","0","0","0","0","0","0","0","0","0","0","0","0"
"Mortalidad por Accidentes de Tránsito General","Caldas","Belalcazar","100,000","3","11,161","2,012","0","0","0","0","0","0","0","0","0","0","0","0"
"Mortalidad por Accidentes de Tránsito General","Caldas","Chinchina","100,000","7","52,096","2,012","0","0","0","0","0","0","0","0","0","0","0","0"
"Mortalidad por Accidentes de Tránsito General","Caldas","Filadelfia","100,000","0","11,537","2,012","0","0","0","0","0","0","0","0","0","0","0","0"
"Mortalidad por Accidentes de Tránsito General","Caldas","La Dorada","100,000","10","75,804","2,012","0","0","0","0","0","0","0","0","0","0","0","0"
"Mortalidad por Accidentes de Tránsito General","Caldas","La Merced","100,000","3","5,860","2,012","0","0","0","0","0","0","0","0","0","0","0","0"
"Mortalidad por Accidentes de Tránsito General","Caldas","Manzanares","100,000","1","23,805","2,012","0","0","0","0","0","0","0","0","0","0","0","0"
"Mortalidad por Accidentes de Tránsito General","Caldas","Marmato","100,000","2","8,906","2,012","0","0","0","0","0","0","0","0","0","0","0","0"
"Mortalidad por Accidentes de Tránsito General","Caldas","Marquetalia","100,000","1","14,956","2,012","0","0","0","0","0","0","0","0","0","0","0","0"
"Mortalidad por Accidentes de Tránsito General","Caldas","Marulanda","100,000","0","3,429","2,012","0","0","0","0","0","0","0","0","0","0","0","0"
"Mortalidad por Accidentes de Tránsito General","Caldas","Neira","100,000","11","29,829","2,012","0","0","0","0","0","0","0","0","0","0","0","0"
"Mortalidad por Accidentes de Tránsito General","Caldas","Norcasia","100,000","0","6,530","2,012","0","0","0","0","0","0","0","0","0","0","0","0"
"Mortalidad por Accidentes de Tránsito General","Caldas","Pacora","100,000","1","12,843","2,012","0","0","0","0","0","0","0","0","0","0","0","0"
"Mortalidad por Accidentes de Tránsito General","Caldas","Palestina","100,000","3","17,865","2,012","0","0","0","0","0","0","0","0","0","0","0","0"
"Mortalidad por Accidentes de Tránsito General","Caldas","Pensilvania","100,000","2","26,380","2,012","0","0","0","0","0","0","0","0","0","0","0","0"
"Mortalidad por Accidentes de Tránsito General","Caldas","Riosucio","100,000","7","59,340","2,012","0","0","0","0","0","0","0","0","0","0","0","0"
"Mortalidad por Accidentes de Tránsito General","Caldas","Risaralda","100,000","4","9,914","2,012","0","0","0","0","0","0","0","0","0","0","0","0"
"Mortalidad por Accidentes de Tránsito General","Caldas","Salamina","100,000","2","17,638","2,012","0","0","0","0","0","0","0","0","0","0","0","0"
"Mortalidad por Accidentes de Tránsito General","Caldas","Samana","100,000","1","25,750","2,012","0","0","0","0","0","0","0","0","0","0","0","0"
"Mortalidad por Accidentes de Tránsito General","Caldas","San Jose","100,000","0","7,590","2,012","0","0","0","0","0","0","0","0","0","0","0","0"
"Mortalidad por Accidentes de Tránsito General","Caldas","Supia","100,000","8","26,169","2,012","0","0","0","0","0","0","0","0","0","0","0","0"
"Mortalidad por Accidentes de Tránsito General","Caldas","Victoria","100,000","2","8,675","2,012","0","0","0","0","0","0","0","0","0","0","0","0"
"Mortalidad por Accidentes de Tránsito General","Caldas","Villamaria","100,000","4","53,142","2,012","0","0","0","0","0","0","0","0","0","0","0","0"
"Mortalidad por Accidentes de Tránsito General","Caldas","Viterbo","100,000","2","12,603","2,012","0","0","0","0","0","0","0","0","0","0","0","0"
"Mortalidad por Accidentes de Tránsito General","Caldas","Manizales","100,000","63","393,167","2,013","0","0","0","0","0","0","0","0","0","0","0","0"
"Mortalidad por Accidentes de Tránsito General","Caldas","Aguadas","100,000","1","22,503","2,013","0","0","0","0","0","0","0","0","0","0","0","0"
"Mortalidad por Accidentes de Tránsito General","Caldas","Anserma","100,000","5","34,053","2,013","0","0","0","0","0","0","0","0","0","0","0","0"
"Mortalidad por Accidentes de Tránsito General","Caldas","Aranzazu","100,000","0","11,698","2,013","0","0","0","0","0","0","0","0","0","0","0","0"
"Mortalidad por Accidentes de Tránsito General","Caldas","Belalcazar","100,000","1","11,064","2,013","0","0","0","0","0","0","0","0","0","0","0","0"
"Mortalidad por Accidentes de Tránsito General","Caldas","Chinchina","100,000","12","51,901","2,013","0","0","0","0","0","0","0","0","0","0","0","0"
"Mortalidad por Accidentes de Tránsito General","Caldas","Filadelfia","100,000","1","11,364","2,013","0","0","0","0","0","0","0","0","0","0","0","0"
"Mortalidad por Accidentes de Tránsito General","Caldas","La Dorada","100,000","15","76,187","2,013","0","0","0","0","0","0","0","0","0","0","0","0"
"Mortalidad por Accidentes de Tránsito General","Caldas","La Merced","100,000","0","5,739","2,013","0","0","0","0","0","0","0","0","0","0","0","0"
"Mortalidad por Accidentes de Tránsito General","Caldas","Manzanares","100,000","0","23,624","2,013","0","0","0","0","0","0","0","0","0","0","0","0"
"Mortalidad por Accidentes de Tránsito General","Caldas","Marmato","100,000","1","8,968","2,013","0","0","0","0","0","0","0","0","0","0","0","0"
"Mortalidad por Accidentes de Tránsito General","Caldas","Marquetalia","100,000","0","14,970","2,013","0","0","0","0","0","0","0","0","0","0","0","0"
"Mortalidad por Accidentes de Tránsito General","Caldas","Marulanda","100,000","0","3,424","2,013","0","0","0","0","0","0","0","0","0","0","0","0"
"Mortalidad por Accidentes de Tránsito General","Caldas","Neira","100,000","3","30,050","2,013","0","0","0","0","0","0","0","0","0","0","0","0"
"Mortalidad por Accidentes de Tránsito General","Caldas","Norcasia","100,000","3","6,481","2,013","0","0","0","0","0","0","0","0","0","0","0","0"
"Mortalidad por Accidentes de Tránsito General","Caldas","Pacora","100,000","1","12,540","2,013","0","0","0","0","0","0","0","0","0","0","0","0"
"Mortalidad por Accidentes de Tránsito General","Caldas","Palestina","100,000","1","17,834","2,013","0","0","0","0","0","0","0","0","0","0","0","0"
"Mortalidad por Accidentes de Tránsito General","Caldas","Pensilvania","100,000","0","26,370","2,013","0","0","0","0","0","0","0","0","0","0","0","0"
"Mortalidad por Accidentes de Tránsito General","Caldas","Riosucio","100,000","5","60,061","2,013","0","0","0","0","0","0","0","0","0","0","0","0"
"Mortalidad por Accidentes de Tránsito General","Caldas","Risaralda","100,000","0","9,800","2,013","0","0","0","0","0","0","0","0","0","0","0","0"
"Mortalidad por Accidentes de Tránsito General","Caldas","Salamina","100,000","0","17,293","2,013","0","0","0","0","0","0","0","0","0","0","0","0"
"Mortalidad por Accidentes de Tránsito General","Caldas","Samana","100,000","1","25,760","2,013","0","0","0","0","0","0","0","0","0","0","0","0"
"Mortalidad por Accidentes de Tránsito General","Caldas","San Jose","100,000","0","7,584","2,013","0","0","0","0","0","0","0","0","0","0","0","0"
"Mortalidad por Accidentes de Tránsito General","Caldas","Supia","100,000","9","26,360","2,013","0","0","0","0","0","0","0","0","0","0","0","0"
"Mortalidad por Accidentes de Tránsito General","Caldas","Victoria","100,000","2","8,592","2,013","0","0","0","0","0","0","0","0","0","0","0","0"
"Mortalidad por Accidentes de Tránsito General","Caldas","Villamaria","100,000","0","54,177","2,013","0","0","0","0","0","0","0","0","0","0","0","0"
"Mortalidad por Accidentes de Tránsito General","Caldas","Viterbo","100,000","1","12,551","2,013","0","0","0","0","0","0","0","0","0","0","0","0"
"Mortalidad por Accidentes de Tránsito General","Caldas","Manizales","100,000","39","394,627","2,014","0","0","0","0","0","0","0","0","0","0","0","0"
"Mortalidad por Accidentes de Tránsito General","Caldas","Aguadas","100,000","4","22,293","2,014","0","0","0","0","0","0","0","0","0","0","0","0"
"Mortalidad por Accidentes de Tránsito General","Caldas","Anserma","100,000","4","33,920","2,014","0","0","0","0","0","0","0","0","0","0","0","0"
"Mortalidad por Accidentes de Tránsito General","Caldas","Aranzazu","100,000","2","11,566","2,014","0","0","0","0","0","0","0","0","0","0","0","0"
"Mortalidad por Accidentes de Tránsito General","Caldas","Belalcazar","100,000","0","10,960","2,014","0","0","0","0","0","0","0","0","0","0","0","0"
"Mortalidad por Accidentes de Tránsito General","Caldas","Chinchina","100,000","11","51,696","2,014","0","0","0","0","0","0","0","0","0","0","0","0"
"Mortalidad por Accidentes de Tránsito General","Caldas","Filadelfia","100,000","0","11,200","2,014","0","0","0","0","0","0","0","0","0","0","0","0"
"Mortalidad por Accidentes de Tránsito General","Caldas","La Dorada","100,000","11","76,574","2,014","0","0","0","0","0","0","0","0","0","0","0","0"
"Mortalidad por Accidentes de Tránsito General","Caldas","La Merced","100,000","2","5,623","2,014","0","0","0","0","0","0","0","0","0","0","0","0"
"Mortalidad por Accidentes de Tránsito General","Caldas","Manzanares","100,000","0","23,447","2,014","0","0","0","0","0","0","0","0","0","0","0","0"
"Mortalidad por Accidentes de Tránsito General","Caldas","Marmato","100,000","2","9,026","2,014","0","0","0","0","0","0","0","0","0","0","0","0"
"Mortalidad por Accidentes de Tránsito General","Caldas","Marquetalia","100,000","1","14,982","2,014","0","0","0","0","0","0","0","0","0","0","0","0"
"Mortalidad por Accidentes de Tránsito General","Caldas","Marulanda","100,000","2","3,410","2,014","0","0","0","0","0","0","0","0","0","0","0","0"
"Mortalidad por Accidentes de Tránsito General","Caldas","Neira","100,000","5","30,285","2,014","0","0","0","0","0","0","0","0","0","0","0","0"
"Mortalidad por Accidentes de Tránsito General","Caldas","Norcasia","100,000","1","6,430","2,014","0","0","0","0","0","0","0","0","0","0","0","0"
"Mortalidad por Accidentes de Tránsito General","Caldas","Pacora","100,000","1","12,244","2,014","0","0","0","0","0","0","0","0","0","0","0","0"
"Mortalidad por Accidentes de Tránsito General","Caldas","Palestina","100,000","5","17,795","2,014","0","0","0","0","0","0","0","0","0","0","0","0"
"Mortalidad por Accidentes de Tránsito General","Caldas","Pensilvania","100,000","1","26,360","2,014","0","0","0","0","0","0","0","0","0","0","0","0"
"Mortalidad por Accidentes de Tránsito General","Caldas","Riosucio","100,000","4","60,798","2,014","0","0","0","0","0","0","0","0","0","0","0","0"
"Mortalidad por Accidentes de Tránsito General","Caldas","Risaralda","100,000","3","9,693","2,014","0","0","0","0","0","0","0","0","0","0","0","0"
"Mortalidad por Accidentes de Tránsito General","Caldas","Salamina","100,000","1","16,968","2,014","0","0","0","0","0","0","0","0","0","0","0","0"
"Mortalidad por Accidentes de Tránsito General","Caldas","Samana","100,000","3","25,769","2,014","0","0","0","0","0","0","0","0","0","0","0","0"
"Mortalidad por Accidentes de Tránsito General","Caldas","San Jose","100,000","0","7,595","2,014","0","0","0","0","0","0","0","0","0","0","0","0"
"Mortalidad por Accidentes de Tránsito General","Caldas","Supia","100,000","11","26,542","2,014","0","0","0","0","0","0","0","0","0","0","0","0"
"Mortalidad por Accidentes de Tránsito General","Caldas","Victoria","100,000","1","8,505","2,014","0","0","0","0","0","0","0","0","0","0","0","0"
"Mortalidad por Accidentes de Tránsito General","Caldas","Villamaria","100,000","5","55,228","2,014","0","0","0","0","0","0","0","0","0","0","0","0"
"Mortalidad por Accidentes de Tránsito General","Caldas","Viterbo","100,000","0","12,506","2,014","0","0","0","0","0","0","0","0","0","0","0","0"
"Mortalidad por Accidentes de Tránsito General","Caldas","Manizales","100,000","45","396,075","2,015","0","0","0","0","0","0","0","0","0","0","0","0"
"Mortalidad por Accidentes de Tránsito General","Caldas","Aguadas","100,000","3","22,081","2,015","0","0","0","0","0","0","0","0","0","0","0","0"
"Mortalidad por Accidentes de Tránsito General","Caldas","Anserma","100,000","1","33,792","2,015","0","0","0","0","0","0","0","0","0","0","0","0"
"Mortalidad por Accidentes de Tránsito General","Caldas","Aranzazu","100,000","1","11,422","2,015","0","0","0","0","0","0","0","0","0","0","0","0"
"Mortalidad por Accidentes de Tránsito General","Caldas","Belalcazar","100,000","0","10,863","2,015","0","0","0","0","0","0","0","0","0","0","0","0"
"Mortalidad por Accidentes de Tránsito General","Caldas","Chinchina","100,000","5","51,492","2,015","0","0","0","0","0","0","0","0","0","0","0","0"
"Mortalidad por Accidentes de Tránsito General","Caldas","Filadelfia","100,000","0","11,034","2,015","0","0","0","0","0","0","0","0","0","0","0","0"
"Mortalidad por Accidentes de Tránsito General","Caldas","La Dorada","100,000","9","76,963","2,015","0","0","0","0","0","0","0","0","0","0","0","0"
"Mortalidad por Accidentes de Tránsito General","Caldas","La Merced","100,000","0","5,508","2,015","0","0","0","0","0","0","0","0","0","0","0","0"
"Mortalidad por Accidentes de Tránsito General","Caldas","Manzanares","100,000","1","23,274","2,015","0","0","0","0","0","0","0","0","0","0","0","0"
"Mortalidad por Accidentes de Tránsito General","Caldas","Marmato","100,000","2","9,096","2,015","0","0","0","0","0","0","0","0","0","0","0","0"
"Mortalidad por Accidentes de Tránsito General","Caldas","Marquetalia","100,000","2","14,992","2,015","0","0","0","0","0","0","0","0","0","0","0","0"
"Mortalidad por Accidentes de Tránsito General","Caldas","Marulanda","100,000","0","3,406","2,015","0","0","0","0","0","0","0","0","0","0","0","0"
"Mortalidad por Accidentes de Tránsito General","Caldas","Neira","100,000","4","30,513","2,015","0","0","0","0","0","0","0","0","0","0","0","0"
"Mortalidad por Accidentes de Tránsito General","Caldas","Norcasia","100,000","1","6,374","2,015","0","0","0","0","0","0","0","0","0","0","0","0"
"Mortalidad por Accidentes de Tránsito General","Caldas","Pacora","100,000","0","11,952","2,015","0","0","0","0","0","0","0","0","0","0","0","0"
"Mortalidad por Accidentes de Tránsito General","Caldas","Palestina","100,000","5","17,760","2,015","0","0","0","0","0","0","0","0","0","0","0","0"
"Mortalidad por Accidentes de Tránsito General","Caldas","Pensilvania","100,000","3","26,361","2,015","0","0","0","0","0","0","0","0","0","0","0","0"
"Mortalidad por Accidentes de Tránsito General","Caldas","Riosucio","100,000","6","61,535","2,015","0","0","0","0","0","0","0","0","0","0","0","0"
"Mortalidad por Accidentes de Tránsito General","Caldas","Risaralda","100,000","4","9,583","2,015","0","0","0","0","0","0","0","0","0","0","0","0"
"Mortalidad por Accidentes de Tránsito General","Caldas","Salamina","100,000","1","16,635","2,015","0","0","0","0","0","0","0","0","0","0","0","0"
"Mortalidad por Accidentes de Tránsito General","Caldas","Samana","100,000","0","25,777","2,015","0","0","0","0","0","0","0","0","0","0","0","0"
"Mortalidad por Accidentes de Tránsito General","Caldas","San Jose","100,000","2","7,588","2,015","0","0","0","0","0","0","0","0","0","0","0","0"
"Mortalidad por Accidentes de Tránsito General","Caldas","Supia","100,000","8","26,728","2,015","0","0","0","0","0","0","0","0","0","0","0","0"
"Mortalidad por Accidentes de Tránsito General","Caldas","Victoria","100,000","1","8,415","2,015","0","0","0","0","0","0","0","0","0","0","0","0"
"Mortalidad por Accidentes de Tránsito General","Caldas","Villamaria","100,000","5","56,303","2,015","0","0","0","0","0","0","0","0","0","0","0","0"
"Mortalidad por Accidentes de Tránsito General","Caldas","Viterbo","100,000","2","12,469","2,015","0","0","0","0","0","0","0","0","0","0","0","0"
"Mortalidad por Accidentes de Tránsito General","Caldas","Manizales","100,000","71","397,466","2,016","0","0","0","0","0","0","0","0","0","0","0","0"
"Mortalidad por Accidentes de Tránsito General","Caldas","Aguadas","100,000","3","21,865","2,016","0","0","0","0","0","0","0","0","0","0","0","0"
"Mortalidad por Accidentes de Tránsito General","Caldas","Anserma","100,000","1","33,669","2,016","0","0","0","0","0","0","0","0","0","0","0","0"
"Mortalidad por Accidentes de Tránsito General","Caldas","Aranzazu","100,000","1","11,293","2,016","0","0","0","0","0","0","0","0","0","0","0","0"
"Mortalidad por Accidentes de Tránsito General","Caldas","Belalcazar","100,000","1","10,760","2,016","0","0","0","0","0","0","0","0","0","0","0","0"
"Mortalidad por Accidentes de Tránsito General","Caldas","Chinchina","100,000","12","51,280","2,016","0","0","0","0","0","0","0","0","0","0","0","0"
"Mortalidad por Accidentes de Tránsito General","Caldas","Filadelfia","100,000","0","10,874","2,016","0","0","0","0","0","0","0","0","0","0","0","0"
"Mortalidad por Accidentes de Tránsito General","Caldas","La Dorada","100,000","5","77,355","2,016","0","0","0","0","0","0","0","0","0","0","0","0"
"Mortalidad por Accidentes de Tránsito General","Caldas","La Merced","100,000","1","5,393","2,016","0","0","0","0","0","0","0","0","0","0","0","0"
"Mortalidad por Accidentes de Tránsito General","Caldas","Manzanares","100,000","1","23,112","2,016","0","0","0","0","0","0","0","0","0","0","0","0"
"Mortalidad por Accidentes de Tránsito General","Caldas","Marmato","100,000","2","9,162","2,016","0","0","0","0","0","0","0","0","0","0","0","0"
"Mortalidad por Accidentes de Tránsito General","Caldas","Marquetalia","100,000","2","15,000","2,016","0","0","0","0","0","0","0","0","0","0","0","0"
"Mortalidad por Accidentes de Tránsito General","Caldas","Marulanda","100,000","0","3,396","2,016","0","0","0","0","0","0","0","0","0","0","0","0"
"Mortalidad por Accidentes de Tránsito General","Caldas","Neira","100,000","0","30,740","2,016","0","0","0","0","0","0","0","0","0","0","0","0"
"Mortalidad por Accidentes de Tránsito General","Caldas","Norcasia","100,000","1","6,322","2,016","0","0","0","0","0","0","0","0","0","0","0","0"
"Mortalidad por Accidentes de Tránsito General","Caldas","Pacora","100,000","2","11,673","2,016","0","0","0","0","0","0","0","0","0","0","0","0"
"Mortalidad por Accidentes de Tránsito General","Caldas","Palestina","100,000","2","17,717","2,016","0","0","0","0","0","0","0","0","0","0","0","0"
"Mortalidad por Accidentes de Tránsito General","Caldas","Pensilvania","100,000","0","26,343","2,016","0","0","0","0","0","0","0","0","0","0","0","0"
"Mortalidad por Accidentes de Tránsito General","Caldas","Riosucio","100,000","5","62,296","2,016","0","0","0","0","0","0","0","0","0","0","0","0"
"Mortalidad por Accidentes de Tránsito General","Caldas","Risaralda","100,000","0","9,471","2,016","0","0","0","0","0","0","0","0","0","0","0","0"
"Mortalidad por Accidentes de Tránsito General","Caldas","Salamina","100,000","0","16,316","2,016","0","0","0","0","0","0","0","0","0","0","0","0"
"Mortalidad por Accidentes de Tránsito General","Caldas","Samana","100,000","1","25,784","2,016","0","0","0","0","0","0","0","0","0","0","0","0"
"Mortalidad por Accidentes de Tránsito General","Caldas","San Jose","100,000","1","7,595","2,016","0","0","0","0","0","0","0","0","0","0","0","0"
"Mortalidad por Accidentes de Tránsito General","Caldas","Supia","100,000","4","26,910","2,016","0","0","0","0","0","0","0","0","0","0","0","0"
"Mortalidad por Accidentes de Tránsito General","Caldas","Victoria","100,000","2","8,321","2,016","0","0","0","0","0","0","0","0","0","0","0","0"
"Mortalidad por Accidentes de Tránsito General","Caldas","Villamaria","100,000","1","57,383","2,016","0","0","0","0","0","0","0","0","0","0","0","0"
"Mortalidad por Accidentes de Tránsito General","Caldas","Viterbo","100,000","2","12,438","2,016","0","0","0","0","0","0","0","0","0","0","0","0"
"Mortalidad por Accidentes de Tránsito General","Caldas","Manizales","100,000","65","398,830","2,017","0","0","0","0","0","0","0","0","0","0","0","0"
"Mortalidad por Accidentes de Tránsito General","Caldas","Aguadas","100,000","10","21,653","2,017","0","0","0","0","0","0","0","0","0","0","0","0"
"Mortalidad por Accidentes de Tránsito General","Caldas","Anserma","100,000","8","33,535","2,017","0","0","0","0","0","0","0","0","0","0","0","0"
"Mortalidad por Accidentes de Tránsito General","Caldas","Aranzazu","100,000","2","11,164","2,017","0","0","0","0","0","0","0","0","0","0","0","0"
"Mortalidad por Accidentes de Tránsito General","Caldas","Belalcazar","100,000","2","10,651","2,017","0","0","0","0","0","0","0","0","0","0","0","0"
"Mortalidad por Accidentes de Tránsito General","Caldas","Chinchina","100,000","5","51,076","2,017","0","0","0","0","0","0","0","0","0","0","0","0"
"Mortalidad por Accidentes de Tránsito General","Caldas","Filadelfia","100,000","0","10,713","2,017","0","0","0","0","0","0","0","0","0","0","0","0"
"Mortalidad por Accidentes de Tránsito General","Caldas","La Dorada","100,000","12","77,735","2,017","0","0","0","0","0","0","0","0","0","0","0","0"
"Mortalidad por Accidentes de Tránsito General","Caldas","La Merced","100,000","1","5,281","2,017","0","0","0","0","0","0","0","0","0","0","0","0"
"Mortalidad por Accidentes de Tránsito General","Caldas","Manzanares","100,000","3","22,947","2,017","0","0","0","0","0","0","0","0","0","0","0","0"
"Mortalidad por Accidentes de Tránsito General","Caldas","Marmato","100,000","4","9,214","2,017","0","0","0","0","0","0","0","0","0","0","0","0"
"Mortalidad por Accidentes de Tránsito General","Caldas","Marquetalia","100,000","1","15,006","2,017","0","0","0","0","0","0","0","0","0","0","0","0"
"Mortalidad por Accidentes de Tránsito General","Caldas","Marulanda","100,000","0","3,393","2,017","0","0","0","0","0","0","0","0","0","0","0","0"
"Mortalidad por Accidentes de Tránsito General","Caldas","Neira","100,000","5","30,963","2,017","0","0","0","0","0","0","0","0","0","0","0","0"
"Mortalidad por Accidentes de Tránsito General","Caldas","Norcasia","100,000","1","6,272","2,017","0","0","0","0","0","0","0","0","0","0","0","0"
"Mortalidad por Accidentes de Tránsito General","Caldas","Pacora","100,000","0","11,399","2,017","0","0","0","0","0","0","0","0","0","0","0","0"
"Mortalidad por Accidentes de Tránsito General","Caldas","Palestina","100,000","1","17,674","2,017","0","0","0","0","0","0","0","0","0","0","0","0"
"Mortalidad por Accidentes de Tránsito General","Caldas","Pensilvania","100,000","3","26,347","2,017","0","0","0","0","0","0","0","0","0","0","0","0"
"Mortalidad por Accidentes de Tránsito General","Caldas","Riosucio","100,000","6","63,045","2,017","0","0","0","0","0","0","0","0","0","0","0","0"
"Mortalidad por Accidentes de Tránsito General","Caldas","Risaralda","100,000","0","9,362","2,017","0","0","0","0","0","0","0","0","0","0","0","0"
"Mortalidad por Accidentes de Tránsito General","Caldas","Salamina","100,000","1","16,005","2,017","0","0","0","0","0","0","0","0","0","0","0","0"
"Mortalidad por Accidentes de Tránsito General","Caldas","Samana","100,000","0","25,789","2,017","0","0","0","0","0","0","0","0","0","0","0","0"
"Mortalidad por Accidentes de Tránsito General","Caldas","San Jose","100,000","2","7,588","2,017","0","0","0","0","0","0","0","0","0","0","0","0"
"Mortalidad por Accidentes de Tránsito General","Caldas","Supia","100,000","3","27,099","2,017","0","0","0","0","0","0","0","0","0","0","0","0"
"Mortalidad por Accidentes de Tránsito General","Caldas","Victoria","100,000","1","8,224","2,017","0","0","0","0","0","0","0","0","0","0","0","0"
"Mortalidad por Accidentes de Tránsito General","Caldas","Villamaria","100,000","1","58,481","2,017","0","0","0","0","0","0","0","0","0","0","0","0"
"Mortalidad por Accidentes de Tránsito General","Caldas","Viterbo","100,000","1","12,414","2,017","0","0","0","0","0","0","0","0","0","0","0","0"
"Mortalidad por Accidentes de Tránsito General","Caldas","Manizales","100,000","76","434,403","2,018","0","0","0","0","0","0","0","0","0","0","0","0"
"Mortalidad por Accidentes de Tránsito General","Caldas","Aguadas","100,000","2","22,823","2,018","0","0","0","0","0","0","0","0","0","0","0","0"
"Mortalidad por Accidentes de Tránsito General","Caldas","Anserma","100,000","4","36,149","2,018","0","0","0","0","0","0","0","0","0","0","0","0"
"Mortalidad por Accidentes de Tránsito General","Caldas","Aranzazu","100,000","2","10,557","2,018","0","0","0","0","0","0","0","0","0","0","0","0"
"Mortalidad por Accidentes de Tránsito General","Caldas","Belalcazar","100,000","1","10,660","2,018","0","0","0","0","0","0","0","0","0","0","0","0"
"Mortalidad por Accidentes de Tránsito General","Caldas","Chinchina","100,000","5","51,271","2,018","0","0","0","0","0","0","0","0","0","0","0","0"
"Mortalidad por Accidentes de Tránsito General","Caldas","Filadelfia","100,000","0","11,451","2,018","0","0","0","0","0","0","0","0","0","0","0","0"
"Mortalidad por Accidentes de Tránsito General","Caldas","La Dorada","100,000","12","71,905","2,018","0","0","0","0","0","0","0","0","0","0","0","0"
"Mortalidad por Accidentes de Tránsito General","Caldas","La Merced","100,000","1","6,003","2,018","0","0","0","0","0","0","0","0","0","0","0","0"
"Mortalidad por Accidentes de Tránsito General","Caldas","Manzanares","100,000","1","17,928","2,018","0","0","0","0","0","0","0","0","0","0","0","0"
"Mortalidad por Accidentes de Tránsito General","Caldas","Marmato","100,000","4","8,888","2,018","0","0","0","0","0","0","0","0","0","0","0","0"
"Mortalidad por Accidentes de Tránsito General","Caldas","Marquetalia","100,000","1","13,245","2,018","0","0","0","0","0","0","0","0","0","0","0","0"
"Mortalidad por Accidentes de Tránsito General","Caldas","Marulanda","100,000","0","2,607","2,018","0","0","0","0","0","0","0","0","0","0","0","0"
"Mortalidad por Accidentes de Tránsito General","Caldas","Neira","100,000","1","21,024","2,018","0","0","0","0","0","0","0","0","0","0","0","0"
"Mortalidad por Accidentes de Tránsito General","Caldas","Norcasia","100,000","1","6,022","2,018","0","0","0","0","0","0","0","0","0","0","0","0"
"Mortalidad por Accidentes de Tránsito General","Caldas","Pacora","100,000","1","15,325","2,018","0","0","0","0","0","0","0","0","0","0","0","0"
"Mortalidad por Accidentes de Tránsito General","Caldas","Palestina","100,000","2","15,555","2,018","0","0","0","0","0","0","0","0","0","0","0","0"
"Mortalidad por Accidentes de Tránsito General","Caldas","Pensilvania","100,000","4","19,908","2,018","0","0","0","0","0","0","0","0","0","0","0","0"
"Mortalidad por Accidentes de Tránsito General","Caldas","Riosucio","100,000","3","50,775","2,018","0","0","0","0","0","0","0","0","0","0","0","0"
"Mortalidad por Accidentes de Tránsito General","Caldas","Risaralda","100,000","0","10,815","2,018","0","0","0","0","0","0","0","0","0","0","0","0"
"Mortalidad por Accidentes de Tránsito General","Caldas","Salamina","100,000","1","19,467","2,018","0","0","0","0","0","0","0","0","0","0","0","0"
"Mortalidad por Accidentes de Tránsito General","Caldas","Samana","100,000","0","20,454","2,018","0","0","0","0","0","0","0","0","0","0","0","0"
"Mortalidad por Accidentes de Tránsito General","Caldas","San Jose","100,000","0","4,835","2,018","0","0","0","0","0","0","0","0","0","0","0","0"
"Mortalidad por Accidentes de Tránsito General","Caldas","Supia","100,000","8","28,642","2,018","0","0","0","0","0","0","0","0","0","0","0","0"
"Mortalidad por Accidentes de Tránsito General","Caldas","Victoria","100,000","2","10,157","2,018","0","0","0","0","0","0","0","0","0","0","0","0"
"Mortalidad por Accidentes de Tránsito General","Caldas","Villamaria","100,000","1","64,652","2,018","0","0","0","0","0","0","0","0","0","0","0","0"
"Mortalidad por Accidentes de Tránsito General","Caldas","Viterbo","100,000","1","12,734","2,018","0","0","0","0","0","0","0","0","0","0","0","0"
"Mortalidad por Accidentes de Tránsito General","Caldas","Manizales","100,000","40","440,608","2,019","34","207,844","6","232,764","0","0","0","0","0","0","413,273","27,335"
"Mortalidad por Accidentes de Tránsito General","Caldas","Aguadas","100,000","4","22,907","2,019","4","11,417","0","11,490","0","0","0","0","0","0","11,655","11,252"
"Mortalidad por Accidentes de Tránsito General","Caldas","Anserma","100,000","4","36,405","2,019","4","18,169","0","18,236","0","0","0","0","0","0","20,569","15,836"
"Mortalidad por Accidentes de Tránsito General","Caldas","Aranzazu","100,000","2","10,533","2,019","2","4,973","0","5,560","0","0","0","0","0","0","6,904","3,629"
"Mortalidad por Accidentes de Tránsito General","Caldas","Belalcazar","100,000","0","10,634","2,019","0","5,396","0","5,238","0","0","0","0","0","0","4,641","5,993"
"Mortalidad por Accidentes de Tránsito General","Caldas","Chinchina","100,000","14","51,773","2,019","10","24,867","4","26,906","0","0","0","0","0","0","45,406","6,367"
"Mortalidad por Accidentes de Tránsito General","Caldas","Filadelfia","100,000","2","11,399","2,019","1","5,726","1","5,673","0","0","0","0","0","0","3,902","7,497"
"Mortalidad por Accidentes de Tránsito General","Caldas","La Dorada","100,000","14","72,972","2,019","13","35,416","1","37,556","0","0","0","0","0","0","63,645","9,327"
"Mortalidad por Accidentes de Tránsito General","Caldas","La Merced","100,000","0","5,916","2,019","0","3,007","0","2,909","0","0","0","0","0","0","2,171","3,745"
"Mortalidad por Accidentes de Tránsito General","Caldas","Manzanares","100,000","8","17,805","2,019","8","8,981","0","8,824","0","0","0","0","0","0","10,337","7,468"
"Mortalidad por Accidentes de Tránsito General","Caldas","Marmato","100,000","2","9,035","2,019","2","4,603","0","4,432","0","0","0","0","0","0","983","8,052"
"Mortalidad por Accidentes de Tránsito General","Caldas","Marquetalia","100,000","0","13,368","2,019","0","6,739","0","6,629","0","0","0","0","0","0","6,498","6,870"
"Mortalidad por Accidentes de Tránsito General","Caldas","Marulanda","100,000","1","2,565","2,019","1","1,351","0","1,214","0","0","0","0","0","0","805","1,760"
"Mortalidad por Accidentes de Tránsito General","Caldas","Neira","100,000","5","21,040","2,019","5","10,546","0","10,494","0","0","0","0","0","0","11,789","9,251"
"Mortalidad por Accidentes de Tránsito General","Caldas","Norcasia","100,000","1","6,075","2,019","1","3,026","0","3,049","0","0","0","0","0","0","4,081","1,994"
"Mortalidad por Accidentes de Tránsito General","Caldas","Pacora","100,000","1","15,296","2,019","1","7,713","0","7,583","0","0","0","0","0","0","7,492","7,804"
"Mortalidad por Accidentes de Tránsito General","Caldas","Palestina","100,000","2","15,598","2,019","2","7,883","0","7,715","0","0","0","0","0","0","5,052","10,546"
"Mortalidad por Accidentes de Tránsito General","Caldas","Pensilvania","100,000","0","19,781","2,019","0","9,988","0","9,793","0","0","0","0","0","0","7,827","11,954"
"Mortalidad por Accidentes de Tránsito General","Caldas","Riosucio","100,000","5","51,371","2,019","4","25,319","1","26,052","0","0","0","0","0","0","18,378","32,993"
"Mortalidad por Accidentes de Tránsito General","Caldas","Risaralda","100,000","1","10,640","2,019","1","5,567","0","5,073","0","0","0","0","0","0","4,294","6,346"
"Mortalidad por Accidentes de Tránsito General","Caldas","Salamina","100,000","1","19,387","2,019","1","9,759","0","9,628","0","0","0","0","0","0","11,427","7,960"
"Mortalidad por Accidentes de Tránsito General","Caldas","Samana","100,000","1","20,116","2,019","1","10,253","0","9,863","0","0","0","0","0","0","6,039","14,077"
"Mortalidad por Accidentes de Tránsito General","Caldas","San Jose","100,000","1","4,875","2,019","0","2,502","1","2,373","0","0","0","0","0","0","1,305","3,570"
"Mortalidad por Accidentes de Tránsito General","Caldas","Supia","100,000","8","29,021","2,019","8","14,170","0","14,851","0","0","0","0","0","0","13,756","15,265"
"Mortalidad por Accidentes de Tránsito General","Caldas","Victoria","100,000","0","10,255","2,019","0","5,075","0","5,180","0","0","0","0","0","0","4,375","5,880"
"Mortalidad por Accidentes de Tránsito General","Caldas","Villamaria","100,000","6","66,189","2,019","6","31,877","0","34,312","0","0","0","0","0","0","57,787","8,402"
"Mortalidad por Accidentes de Tránsito General","Caldas","Viterbo","100,000","0","12,780","2,019","0","6,066","0","6,714","0","0","0","0","0","0","10,791","1,989"
"Mortalidad por Accidentes de Tránsito General","Caldas","Manizales","100,000","36","445,669","2,020","28","210,153","8","235,516","0","0","0","0","0","0","420,475","25,194"
"Mortalidad por Accidentes de Tránsito General","Caldas","Aguadas","100,000","3","23,116","2,020","1","11,525","2","11,591","0","0","0","0","0","0","11,837","11,279"
"Mortalidad por Accidentes de Tránsito General","Caldas","Anserma","100,000","3","36,803","2,020","3","18,410","0","18,393","0","0","0","0","0","0","20,942","15,861"
"Mortalidad por Accidentes de Tránsito General","Caldas","Aranzazu","100,000","0","10,683","2,020","0","5,038","0","5,645","0","0","0","0","0","0","7,074","3,609"
"Mortalidad por Accidentes de Tránsito General","Caldas","Belalcazar","100,000","1","10,761","2,020","1","5,459","0","5,302","0","0","0","0","0","0","4,763","5,998"
"Mortalidad por Accidentes de Tránsito General","Caldas","Chinchina","100,000","10","52,381","2,020","9","25,134","1","27,247","0","0","0","0","0","0","46,311","6,070"
"Mortalidad por Accidentes de Tránsito General","Caldas","Filadelfia","100,000","0","11,554","2,020","0","5,802","0","5,752","0","0","0","0","0","0","3,998","7,556"
"Mortalidad por Accidentes de Tránsito General","Caldas","La Dorada","100,000","15","73,645","2,020","11","35,723","4","37,922","0","0","0","0","0","0","64,425","9,220"
"Mortalidad por Accidentes de Tránsito General","Caldas","La Merced","100,000","0","6,142","2,020","0","3,124","0","3,018","0","0","0","0","0","0","2,295","3,847"
"Mortalidad por Accidentes de Tránsito General","Caldas","Manzanares","100,000","3","18,345","2,020","3","9,250","0","9,095","0","0","0","0","0","0","10,798","7,547"
"Mortalidad por Accidentes de Tránsito General","Caldas","Marmato","100,000","7","9,068","2,020","7","4,618","0","4,450","0","0","0","0","0","0","980","8,088"
"Mortalidad por Accidentes de Tránsito General","Caldas","Marquetalia","100,000","0","13,443","2,020","0","6,766","0","6,677","0","0","0","0","0","0","6,617","6,826"
"Mortalidad por Accidentes de Tránsito General","Caldas","Marulanda","100,000","0","2,662","2,020","0","1,410","0","1,252","0","0","0","0","0","0","831","1,831"
"Mortalidad por Accidentes de Tránsito General","Caldas","Neira","100,000","2","21,287","2,020","2","10,668","0","10,619","0","0","0","0","0","0","12,106","9,181"
"Mortalidad por Accidentes de Tránsito General","Caldas","Norcasia","100,000","2","6,065","2,020","2","3,018","0","3,047","0","0","0","0","0","0","4,102","1,963"
"Mortalidad por Accidentes de Tránsito General","Caldas","Pacora","100,000","2","15,509","2,020","2","7,815","0","7,694","0","0","0","0","0","0","7,659","7,850"
"Mortalidad por Accidentes de Tránsito General","Caldas","Palestina","100,000","2","15,757","2,020","1","7,971","1","7,786","0","0","0","0","0","0","5,162","10,595"
"Mortalidad por Accidentes de Tránsito General","Caldas","Pensilvania","100,000","3","20,063","2,020","3","10,125","0","9,938","0","0","0","0","0","0","8,078","11,985"
"Mortalidad por Accidentes de Tránsito General","Caldas","Riosucio","100,000","6","52,466","2,020","5","25,950","1","26,516","0","0","0","0","0","0","18,845","33,621"
"Mortalidad por Accidentes de Tránsito General","Caldas","Risaralda","100,000","2","11,057","2,020","2","5,788","0","5,269","0","0","0","0","0","0","4,571","6,486"
"Mortalidad por Accidentes de Tránsito General","Caldas","Salamina","100,000","0","19,707","2,020","0","9,915","0","9,792","0","0","0","0","0","0","11,725","7,982"
"Mortalidad por Accidentes de Tránsito General","Caldas","Samana","100,000","0","20,912","2,020","0","10,641","0","10,271","0","0","0","0","0","0","6,442","14,470"
"Mortalidad por Accidentes de Tránsito General","Caldas","San Jose","100,000","1","4,854","2,020","1","2,492","0","2,362","0","0","0","0","0","0","1,314","3,540"
"Mortalidad por Accidentes de Tránsito General","Caldas","Supia","100,000","11","29,319","2,020","9","14,358","2","14,961","0","0","0","0","0","0","13,987","15,332"
"Mortalidad por Accidentes de Tránsito General","Caldas","Victoria","100,000","0","10,302","2,020","0","5,100","0","5,202","0","0","0","0","0","0","4,427","5,875"
"Mortalidad por Accidentes de Tránsito General","Caldas","Villamaria","100,000","3","66,914","2,020","1","32,231","2","34,683","0","0","0","0","0","0","58,922","7,992"
"Mortalidad por Accidentes de Tránsito General","Caldas","Viterbo","100,000","0","12,951","2,020","0","6,147","0","6,804","0","0","0","0","0","0","11,002","1,949"
"Mortalidad por Accidentes de Tránsito General","Caldas","Manizales","100,000","46","449,434","2,021","37","211,776","8","237,658","0","0","0","0","0","0","424,564","24,870"
"Mortalidad por Accidentes de Tránsito General","Caldas","Aguadas","100,000","6","23,139","2,021","6","11,517","0","11,622","0","0","0","0","0","0","12,093","11,046"
"Mortalidad por Accidentes de Tránsito General","Caldas","Anserma","100,000","6","36,966","2,021","6","18,503","0","18,463","0","0","0","0","0","0","21,372","15,594"
"Mortalidad por Accidentes de Tránsito General","Caldas","Aranzazu","100,000","0","10,691","2,021","0","5,024","0","5,667","0","0","0","0","0","0","7,157","3,534"
"Mortalidad por Accidentes de Tránsito General","Caldas","Belalcazar","100,000","6","10,775","2,021","6","5,463","0","5,312","0","0","0","0","0","0","4,894","5,881"
"Mortalidad por Accidentes de Tránsito General","Caldas","Chinchina","100,000","5","52,701","2,021","1","25,249","4","27,452","0","0","0","0","0","0","46,742","5,959"
"Mortalidad por Accidentes de Tránsito General","Caldas","Filadelfia","100,000","2","11,556","2,021","2","5,799","0","5,757","0","0","0","0","0","0","4,158","7,398"
"Mortalidad por Accidentes de Tránsito General","Caldas","La Dorada","100,000","9","74,200","2,021","6","35,938","3","38,262","0","0","0","0","0","0","65,109","9,091"
"Mortalidad por Accidentes de Tránsito General","Caldas","La Merced","100,000","1","6,186","2,021","1","3,139","0","3,047","0","0","0","0","0","0","2,395","3,791"
"Mortalidad por Accidentes de Tránsito General","Caldas","Manzanares","100,000","3","18,461","2,021","3","9,293","0","9,168","0","0","0","0","0","0","11,034","7,427"
"Mortalidad por Accidentes de Tránsito General","Caldas","Marmato","100,000","2","9,143","2,021","1","4,653","1","4,490","0","0","0","0","0","0","1,167","7,976"
"Mortalidad por Accidentes de Tránsito General","Caldas","Marquetalia","100,000","2","13,464","2,021","2","6,768","0","6,696","0","0","0","0","0","0","6,772","6,692"
"Mortalidad por Accidentes de Tránsito General","Caldas","Marulanda","100,000","0","2,684","2,021","0","1,421","0","1,263","0","0","0","0","0","0","879","1,805"
"Mortalidad por Accidentes de Tránsito General","Caldas","Neira","100,000","3","21,303","2,021","2","10,665","1","10,638","0","0","0","0","0","0","12,309","8,994"
"Mortalidad por Accidentes de Tránsito General","Caldas","Norcasia","100,000","1","6,064","2,021","1","3,004","0","3,060","0","0","0","0","0","0","4,152","1,912"
"Mortalidad por Accidentes de Tránsito General","Caldas","Pacora","100,000","2","15,536","2,021","2","7,829","0","7,707","0","0","0","0","0","0","7,840","7,696"
"Mortalidad por Accidentes de Tránsito General","Caldas","Palestina","100,000","6","15,795","2,021","6","7,982","0","7,813","0","0","0","0","0","0","5,401","10,394"
"Mortalidad por Accidentes de Tránsito General","Caldas","Pensilvania","100,000","0","20,006","2,021","0","10,083","0","9,923","0","0","0","0","0","0","8,329","11,677"
"Mortalidad por Accidentes de Tránsito General","Caldas","Riosucio","100,000","8","53,116","2,021","6","26,308","2","26,808","0","0","0","0","0","0","19,814","33,302"
"Mortalidad por Accidentes de Tránsito General","Caldas","Risaralda","100,000","3","11,146","2,021","3","5,826","0","5,320","0","0","0","0","0","0","4,754","6,392"
"Mortalidad por Accidentes de Tránsito General","Caldas","Salamina","100,000","4","19,737","2,021","4","9,894","0","9,843","0","0","0","0","0","0","11,920","7,817"
"Mortalidad por Accidentes de Tránsito General","Caldas","Samana","100,000","2","21,054","2,021","1","10,702","1","10,352","0","0","0","0","0","0","6,794","14,260"
"Mortalidad por Accidentes de Tránsito General","Caldas","San Jose","100,000","0","4,858","2,021","0","2,498","0","2,360","0","0","0","0","0","0","1,393","3,465"
"Mortalidad por Accidentes de Tránsito General","Caldas","Supia","100,000","11","29,505","2,021","10","14,467","1","15,038","0","0","0","0","0","0","14,410","15,095"
"Mortalidad por Accidentes de Tránsito General","Caldas","Victoria","100,000","2","10,343","2,021","1","5,104","1","5,239","0","0","0","0","0","0","4,575","5,768"
"Mortalidad por Accidentes de Tránsito General","Caldas","Villamaria","100,000","7","67,781","2,021","7","32,646","0","35,135","0","0","0","0","0","0","59,872","7,909"
"Mortalidad por Accidentes de Tránsito General","Caldas","Viterbo","100,000","4","12,991","2,021","3","6,161","1","6,830","0","0","0","0","0","0","11,071","1,920"
"Mortalidad por Accidentes de Tránsito General","Caldas","Manizales","100,000","50","451,812","2,022","38","212,691","12","239,121","0","0","0","0","0","0","427,318","24,494"
"Mortalidad por Accidentes de Tránsito General","Caldas","Aguadas","100,000","5","23,274","2,022","5","11,578","0","11,696","0","0","0","0","0","0","12,377","10,897"
"Mortalidad por Accidentes de Tránsito General","Caldas","Anserma","100,000","7","37,154","2,022","7","18,606","0","18,548","0","0","0","0","0","0","21,785","15,369"
"Mortalidad por Accidentes de Tránsito General","Caldas","Aranzazu","100,000","1","10,735","2,022","1","5,033","0","5,702","0","0","0","0","0","0","7,262","3,473"
"Mortalidad por Accidentes de Tránsito General","Caldas","Belalcazar","100,000","1","10,837","2,022","1","5,490","0","5,347","0","0","0","0","0","0","5,034","5,803"
"Mortalidad por Accidentes de Tránsito General","Caldas","Chinchina","100,000","20","52,984","2,022","17","25,348","3","27,636","0","0","0","0","0","0","47,113","5,871"
"Mortalidad por Accidentes de Tránsito General","Caldas","Filadelfia","100,000","3","11,616","2,022","2","5,823","1","5,793","0","0","0","0","0","0","4,311","7,305"
"Mortalidad por Accidentes de Tránsito General","Caldas","La Dorada","100,000","16","74,610","2,022","16","36,077","0","38,533","0","0","0","0","0","0","65,644","8,966"
"Mortalidad por Accidentes de Tránsito General","Caldas","La Merced","100,000","3","6,209","2,022","3","3,151","0","3,058","0","0","0","0","0","0","2,482","3,727"
"Mortalidad por Accidentes de Tránsito General","Caldas","Manzanares","100,000","3","18,544","2,022","1","9,325","2","9,219","0","0","0","0","0","0","11,230","7,314"
"Mortalidad por Accidentes de Tránsito General","Caldas","Marmato","100,000","2","9,190","2,022","1","4,667","1","4,523","0","0","0","0","0","0","1,332","7,858"
"Mortalidad por Accidentes de Tránsito General","Caldas","Marquetalia","100,000","1","13,547","2,022","1","6,801","0","6,746","0","0","0","0","0","0","6,944","6,603"
"Mortalidad por Accidentes de Tránsito General","Caldas","Marulanda","100,000","0","2,699","2,022","0","1,420","0","1,279","0","0","0","0","0","0","919","1,780"
"Mortalidad por Accidentes de Tránsito General","Caldas","Neira","100,000","3","21,412","2,022","2","10,704","1","10,708","0","0","0","0","0","0","12,549","8,863"
"Mortalidad por Accidentes de Tránsito General","Caldas","Norcasia","100,000","1","6,100","2,022","1","3,031","0","3,069","0","0","0","0","0","0","4,214","1,886"
"Mortalidad por Accidentes de Tránsito General","Caldas","Pacora","100,000","2","15,606","2,022","2","7,849","0","7,757","0","0","0","0","0","0","8,020","7,586"
"Mortalidad por Accidentes de Tránsito General","Caldas","Palestina","100,000","7","15,875","2,022","6","8,003","1","7,872","0","0","0","0","0","0","5,630","10,245"
"Mortalidad por Accidentes de Tránsito General","Caldas","Pensilvania","100,000","0","20,129","2,022","0","10,132","0","9,997","0","0","0","0","0","0","8,616","11,513"
"Mortalidad por Accidentes de Tránsito General","Caldas","Riosucio","100,000","10","53,393","2,022","8","26,499","2","26,894","0","0","0","0","0","0","20,560","32,833"
"Mortalidad por Accidentes de Tránsito General","Caldas","Risaralda","100,000","4","11,201","2,022","4","5,848","0","5,353","0","0","0","0","0","0","4,904","6,297"
"Mortalidad por Accidentes de Tránsito General","Caldas","Salamina","100,000","2","19,855","2,022","2","9,924","0","9,931","0","0","0","0","0","0","12,149","7,706"
"Mortalidad por Accidentes de Tránsito General","Caldas","Samana","100,000","1","21,171","2,022","1","10,740","0","10,431","0","0","0","0","0","0","7,110","14,061"
"Mortalidad por Accidentes de Tránsito General","Caldas","San Jose","100,000","1","4,882","2,022","0","2,506","1","2,376","0","0","0","0","0","0","1,471","3,411"
"Mortalidad por Accidentes de Tránsito General","Caldas","Supia","100,000","3","29,657","2,022","3","14,565","0","15,092","0","0","0","0","0","0","14,773","14,884"
"Mortalidad por Accidentes de Tránsito General","Caldas","Victoria","100,000","0","10,414","2,022","0","5,123","0","5,291","0","0","0","0","0","0","4,718","5,696"
"Mortalidad por Accidentes de Tránsito General","Caldas","Villamaria","100,000","6","68,168","2,022","3","32,828","3","35,340","0","0","0","0","0","0","60,372","7,796"
"Mortalidad por Accidentes de Tránsito General","Caldas","Viterbo","100,000","3","13,077","2,022","3","6,196","0","6,881","0","0","0","0","0","0","11,186","1,891"
"Mortalidad por Accidentes de Tránsito General","Caldas","Manizales","100,000","41","454,494","2,023","32","213,841","9","240,653","0","0","48","0","13","5","430,259","24,235"
"Mortalidad por Accidentes de Tránsito General","Caldas","Aguadas","100,000","6","23,403","2,023","4","11,629","2","11,774","0","0","3","0","0","0","12,641","10,762"
"Mortalidad por Accidentes de Tránsito General","Caldas","Anserma","100,000","9","37,366","2,023","6","18,731","3","18,635","0","0","3","0","2","0","22,170","15,196"
"Mortalidad por Accidentes de Tránsito General","Caldas","Aranzazu","100,000","2","10,792","2,023","2","5,056","0","5,736","0","0","0","0","0","0","7,364","3,428"
"Mortalidad por Accidentes de Tránsito General","Caldas","Belalcazar","100,000","1","10,894","2,023","1","5,512","0","5,382","0","0","1","0","0","0","5,164","5,730"
"Mortalidad por Accidentes de Tránsito General","Caldas","Chinchina","100,000","5","53,317","2,023","2","25,472","3","27,845","0","0","4","0","0","0","47,495","5,822"
"Mortalidad por Accidentes de Tránsito General","Caldas","Filadelfia","100,000","3","11,662","2,023","3","5,853","0","5,809","0","0","1","0","1","1","4,459","7,203"
"Mortalidad por Accidentes de Tránsito General","Caldas","La Dorada","100,000","20","75,043","2,023","20","36,245","0","38,798","0","0","11","1","4","1","66,184","8,859"
"Mortalidad por Accidentes de Tránsito General","Caldas","La Merced","100,000","2","6,268","2,023","1","3,177","1","3,091","0","0","0","0","0","0","2,568","3,700"
"Mortalidad por Accidentes de Tránsito General","Caldas","Manzanares","100,000","3","18,655","2,023","3","9,363","0","9,292","0","0","5","0","1","0","11,419","7,236"
"Mortalidad por Accidentes de Tránsito General","Caldas","Marmato","100,000","2","9,255","2,023","2","4,702","0","4,553","0","0","0","0","0","0","1,484","7,771"
"Mortalidad por Accidentes de Tránsito General","Caldas","Marquetalia","100,000","4","13,627","2,023","2","6,825","2","6,802","0","0","1","0","1","0","7,100","6,527"
"Mortalidad por Accidentes de Tránsito General","Caldas","Marulanda","100,000","0","2,700","2,023","0","1,422","0","1,278","0","0","2","2","0","0","952","1,748"
"Mortalidad por Accidentes de Tránsito General","Caldas","Neira","100,000","7","21,543","2,023","6","10,758","1","10,785","0","0","8","0","1","0","12,778","8,765"
"Mortalidad por Accidentes de Tránsito General","Caldas","Norcasia","100,000","0","6,123","2,023","0","3,042","0","3,081","0","0","0","0","0","0","4,253","1,870"
"Mortalidad por Accidentes de Tránsito General","Caldas","Pacora","100,000","0","15,680","2,023","0","7,877","0","7,803","0","0","0","0","0","0","8,194","7,486"
"Mortalidad por Accidentes de Tránsito General","Caldas","Palestina","100,000","5","15,978","2,023","4","8,061","1","7,917","0","0","0","1","0","0","5,845","10,133"
"Mortalidad por Accidentes de Tránsito General","Caldas","Pensilvania","100,000","1","20,242","2,023","0","10,181","1","10,061","0","0","0","0","0","0","8,856","11,386"
"Mortalidad por Accidentes de Tránsito General","Caldas","Riosucio","100,000","7","53,746","2,023","5","26,738","2","27,008","0","0","2","1","0","1","21,271","32,475"
"Mortalidad por Accidentes de Tránsito General","Caldas","Risaralda","100,000","6","11,267","2,023","5","5,877","1","5,390","0","0","1","0","1","0","5,037","6,230"
"Mortalidad por Accidentes de Tránsito General","Caldas","Salamina","100,000","2","19,959","2,023","0","9,961","2","9,998","0","0","1","0","0","0","12,345","7,614"
"Mortalidad por Accidentes de Tránsito General","Caldas","Samana","100,000","2","21,292","2,023","2","10,779","0","10,513","0","0","0","0","1","0","7,398","13,894"
"Mortalidad por Accidentes de Tránsito General","Caldas","San Jose","100,000","1","4,904","2,023","1","2,509","0","2,395","0","0","1","0","0","0","1,530","3,374"
"Mortalidad por Accidentes de Tránsito General","Caldas","Supia","100,000","7","29,856","2,023","7","14,702","0","15,154","0","0","1","1","1","0","15,130","14,726"
"Mortalidad por Accidentes de Tránsito General","Caldas","Victoria","100,000","2","10,462","2,023","2","5,144","0","5,318","0","0","1","0","0","0","4,839","5,623"
"Mortalidad por Accidentes de Tránsito General","Caldas","Villamaria","100,000","7","68,601","2,023","6","33,033","1","35,568","0","0","1","0","0","0","60,898","7,703"
"Mortalidad por Accidentes de Tránsito General","Caldas","Viterbo","100,000","3","13,155","2,023","2","6,229","1","6,926","0","0","4","1","2","0","11,278","1,877"
"Mortalidad por Accidentes de Tránsito General","Caldas","Manizales","100,000","75","467,681","2,024","60","221,059","60","246,622","0","0","58","2","15","0","433,075","23,947"
"Mortalidad por Accidentes de Tránsito General","Caldas","Aguadas","100,000","2","22,674","2,024","2","11,369","2","11,305","0","0","0","1","1","0","12,823","10,702"
"Mortalidad por Accidentes de Tránsito General","Caldas","Anserma","100,000","6","37,428","2,024","3","18,779","3","18,649","0","0","5","1","0","0","22,483","15,090"
"Mortalidad por Accidentes de Tránsito General","Caldas","Aranzazu","100,000","0","10,820","2,024","0","5,105","0","5,715","0","0","0","0","0","0","7,454","3,409"
"Mortalidad por Accidentes de Tránsito General","Caldas","Belalcazar","100,000","3","10,467","2,024","1","5,335","1","5,132","0","0","1","0","2","0","5,246","5,704"
"Mortalidad por Accidentes de Tránsito General","Caldas","Chinchina","100,000","8","51,007","2,024","8","24,457","8","26,550","0","0","5","0","2","1","47,857","5,752"
"Mortalidad por Accidentes de Tránsito General","Caldas","Filadelfia","100,000","0","11,182","2,024","0","5,599","0","5,583","0","0","0","0","0","0","4,561","7,176"
"Mortalidad por Accidentes de Tránsito General","Caldas","La Dorada","100,000","41","72,044","2,024","31","34,961","31","37,083","0","0","27","1","12","1","66,692","8,756"
"Mortalidad por Accidentes de Tránsito General","Caldas","La Merced","100,000","2","5,844","2,024","2","2,968","2","2,876","0","0","1","1","0","0","2,614","3,679"
"Mortalidad por Accidentes de Tránsito General","Caldas","Manzanares","100,000","0","18,375","2,024","0","9,209","0","9,166","0","0","0","0","0","0","11,594","7,195"
"Mortalidad por Accidentes de Tránsito General","Caldas","Marmato","100,000","2","9,394","2,024","2","4,823","2","4,571","0","0","1","0","1","0","1,519","7,765"
"Mortalidad por Accidentes de Tránsito General","Caldas","Marquetalia","100,000","2","13,619","2,024","2","6,830","2","6,789","0","0","0","1","1","0","7,231","6,470"
"Mortalidad por Accidentes de Tránsito General","Caldas","Marulanda","100,000","0","2,685","2,024","0","1,405","0","1,280","0","0","0","0","0","0","968","1,758"
"Mortalidad por Accidentes de Tránsito General","Caldas","Neira","100,000","9","21,568","2,024","6","10,852","6","10,716","0","0","7","0","2","0","12,953","8,691"
"Mortalidad por Accidentes de Tránsito General","Caldas","Norcasia","100,000","1","6,171","2,024","0","3,069","0","3,102","0","0","1","0","0","0","4,307","1,839"
"Mortalidad por Accidentes de Tránsito General","Caldas","Pacora","100,000","3","15,748","2,024","3","7,962","3","7,786","0","0","0","1","2","0","8,326","7,465"
"Mortalidad por Accidentes de Tránsito General","Caldas","Palestina","100,000","1","16,059","2,024","1","8,154","1","7,905","0","0","1","0","0","0","5,976","10,086"
"Mortalidad por Accidentes de Tránsito General","Caldas","Pensilvania","100,000","0","20,493","2,024","0","10,336","0","10,157","0","0","0","0","0","0","9,015","11,316"
"Mortalidad por Accidentes de Tránsito General","Caldas","Riosucio","100,000","6","52,440","2,024","5","25,870","5","26,570","0","0","5","0","1","0","21,739","32,339"
"Mortalidad por Accidentes de Tránsito General","Caldas","Risaralda","100,000","2","11,157","2,024","2","5,805","2","5,352","0","0","1","0","1","0","5,133","6,200"
"Mortalidad por Accidentes de Tránsito General","Caldas","Salamina","100,000","0","19,511","2,024","0","9,915","0","9,596","0","0","0","0","0","0","12,515","7,551"
"Mortalidad por Accidentes de Tránsito General","Caldas","Samana","100,000","2","21,128","2,024","1","10,783","1","10,345","0","0","1","1","0","0","7,565","13,850"
"Mortalidad por Accidentes de Tránsito General","Caldas","San Jose","100,000","1","5,002","2,024","1","2,569","1","2,433","0","0","0","0","1","0","1,571","3,382"
"Mortalidad por Accidentes de Tránsito General","Caldas","Supia","100,000","8","31,325","2,024","6","15,293","6","16,032","0","0","5","0","3","0","15,384","14,606"
"Mortalidad por Accidentes de Tránsito General","Caldas","Victoria","100,000","1","10,927","2,024","1","5,404","1","5,523","0","0","1","0","0","0","4,931","5,594"
"Mortalidad por Accidentes de Tránsito General","Caldas","Villamaria","100,000","4","72,649","2,024","3","34,897","3","37,752","0","0","4","0","0","0","61,397","7,624"
"Mortalidad por Accidentes de Tránsito General","Caldas","Viterbo","100,000","5","12,728","2,024","4","6,006","4","6,722","0","0","4","0","1","0","11,380","1,855"
"Mortalidad por Accidentes de Tránsito General","Caldas","Manizales","100,000","58","472,087","2,025","47","223,119","11","248,968","0","0","47","2","7","2","435,587","23,675"
"Mortalidad por Accidentes de Tránsito General","Caldas","Aguadas","100,000","0","22,505","2,025","0","11,269","0","11,236","0","0","0","0","0","0","12,992","10,657"
"Mortalidad por Accidentes de Tránsito General","Caldas","Anserma","100,000","1","37,421","2,025","1","18,779","0","18,642","0","0","1","0","0","0","22,738","15,019"
"Mortalidad por Accidentes de Tránsito General","Caldas","Aranzazu","100,000","0","10,797","2,025","0","5,090","0","5,707","0","0","0","0","0","0","7,533","3,377"
"Mortalidad por Accidentes de Tránsito General","Caldas","Belalcazar","100,000","1","10,411","2,025","1","5,309","0","5,102","0","0","1","0","0","0","5,316","5,679"
"Mortalidad por Accidentes de Tránsito General","Caldas","Chinchina","100,000","4","50,770","2,025","3","24,347","1","26,423","0","0","3","0","1","0","48,188","5,696"
"Mortalidad por Accidentes de Tránsito General","Caldas","Filadelfia","100,000","0","11,063","2,025","0","5,538","0","5,525","0","0","0","0","0","0","4,622","7,157"
"Mortalidad por Accidentes de Tránsito General","Caldas","La Dorada","100,000","34","71,814","2,025","24","34,859","10","36,955","0","0","27","0","7","0","67,152","8,685"
"Mortalidad por Accidentes de Tránsito General","Caldas","La Merced","100,000","0","5,773","2,025","0","2,919","0","2,854","0","0","0","0","0","0","2,652","3,660"
"Mortalidad por Accidentes de Tránsito General","Caldas","Manzanares","100,000","1","18,367","2,025","1","9,193","0","9,174","0","0","0","1","0","0","11,725","7,147"
"Mortalidad por Accidentes de Tránsito General","Caldas","Marmato","100,000","3","9,390","2,025","2","4,827","1","4,563","0","0","2","0","1","0","1,561","7,780"
"Mortalidad por Accidentes de Tránsito General","Caldas","Marquetalia","100,000","0","13,618","2,025","0","6,819","0","6,799","0","0","0","0","0","0","7,324","6,439"
"Mortalidad por Accidentes de Tránsito General","Caldas","Marulanda","100,000","0","2,689","2,025","0","1,399","0","1,290","0","0","0","0","0","0","990","1,753"
"Mortalidad por Accidentes de Tránsito General","Caldas","Neira","100,000","3","21,553","2,025","3","10,834","0","10,719","0","0","1","0","2","0","13,109","8,646"
"Mortalidad por Accidentes de Tránsito General","Caldas","Norcasia","100,000","1","6,167","2,025","1","3,062","0","3,105","0","0","1","0","0","0","4,344","1,824"
"Mortalidad por Accidentes de Tránsito General","Caldas","Pacora","100,000","0","15,713","2,025","0","7,947","0","7,766","0","0","0","0","0","0","8,432","7,434"
"Mortalidad por Accidentes de Tránsito General","Caldas","Palestina","100,000","1","16,038","2,025","1","8,153","0","7,885","0","0","0","0","1","0","6,075","10,046"
"Mortalidad por Accidentes de Tránsito General","Caldas","Pensilvania","100,000","1","20,473","2,025","0","10,321","1","10,152","0","0","0","0","1","0","9,161","11,289"
"Mortalidad por Accidentes de Tránsito General","Caldas","Riosucio","100,000","3","52,327","2,025","2","25,803","1","26,524","0","0","2","0","1","0","22,097","32,263"
"Mortalidad por Accidentes de Tránsito General","Caldas","Risaralda","100,000","3","11,130","2,025","2","5,784","1","5,346","0","0","3","0","0","0","5,198","6,169"
"Mortalidad por Accidentes de Tránsito General","Caldas","Salamina","100,000","0","19,396","2,025","0","9,852","0","9,544","0","0","0","0","0","0","12,647","7,525"
"Mortalidad por Accidentes de Tránsito General","Caldas","Samana","100,000","0","21,073","2,025","0","10,754","0","10,319","0","0","0","0","0","0","7,698","13,829"
"Mortalidad por Accidentes de Tránsito General","Caldas","San Jose","100,000","0","4,990","2,025","0","2,563","0","2,427","0","0","0","0","0","0","1,608","3,370"
"Mortalidad por Accidentes de Tránsito General","Caldas","Supia","100,000","4","31,570","2,025","3","15,407","1","16,163","0","0","2","1","1","0","15,593","14,543"
"Mortalidad por Accidentes de Tránsito General","Caldas","Victoria","100,000","1","10,986","2,025","1","5,434","0","5,552","0","0","1","0","0","0","4,995","5,576"
"Mortalidad por Accidentes de Tránsito General","Caldas","Villamaria","100,000","0","73,653","2,025","0","35,380","0","38,273","0","0","0","0","0","0","61,861","7,554"
"Mortalidad por Accidentes de Tránsito General","Caldas","Viterbo","100,000","4","12,676","2,025","4","5,991","0","6,685","0","0","2","1","1","0","11,462","1,830"
